a,126627157.2275,1,568000
a,85196280.1516667,568001,778000
a,31670314.0039156,778001,783000
a,30282629.1594786,783001,11177000
a,30276282.7908827,11177001,11420000
a,25104579.5466227,11420001,12760000
a,25446507.6352276,12760001,13772000
a,25539077.3117889,13772001,13850000
a,25539703.0133358,13850001,27737000
a,30806878.1730582,27737001,28246000
a,25290083.2265262,28246001,255416000
a,25304872.4717465,255416001,277080000
a,25262984.3912954,277080001,277176000
a,25265070.2203411,277176001,293955000
a,25182990.7721348,293955001,294163000
a,24943936.9259501,294163001,344384000
a,24943147.8678486,344384001,349701000
a,25105218.5424308,349701001,349922000
a,25146070.1505866,349922001,350454000
a,25145028.3981114,350454001,357764000
a,25145266.313953,357764001,358181000
a,25144968.2297946,358181001,358288000
a,24882445.3930702,358288001,359529000
a,24882410.8796008,359529001,360034000
a,24882374.8771518,360034001,360581000
a,24882484.8289886,360581001,365350000
a,24882479.0567437,365350001,367667000
a,24882283.4934784,367667001,367762000
a,24811942.6643702,367762001,370699000
a,24811938.2559081,370699001,370740000
a,24818252.788048,370740001,370927000
a,24790164.8923729,370927001,370965000
a,24776620.0547979,370965001,378303000
a,24699867.1063145,378303001,384479000
a,24699966.7506152,384479001,435935000
a,24699838.0440671,435935001,437483000
a,24699724.7570825,437483001,440497000
a,24697150.660882,440497001,441738000
a,24702428.9842449,441738001,449319000
a,24623720.9391708,449319001,449401000
a,24637124.4105649,449401001,449951000
a,24643426.2373175,449951001,450007000
a,24468889.7108088,450007001,467592000
a,24475050.0412088,467592001,487343000
a,24448379.9461381,487343001,495094000
a,24448384.926186,495094001,524147000
a,24448317.2406313,524147001,524900000
a,24459678.4154118,524900001,524930000
a,24311452.4492554,524930001,531421000
a,24313711.5396598,531421001,549071000
a,24490214.8655315,549071001,549402000
a,24451827.0729171,549402001,557156000
a,24452414.3462239,557156001,607504000
a,24452670.9151482,607504001,609996000
a,24454189.3573793,609996001,613241000
a,24454060.4984151,613241001,623186000
a,24455147.4282956,623186001,623505000
a,24455124.226702,623505001,623549000
a,24454947.4203275,623549001,624063000
a,24350213.5043669,624063001,624079000
a,24312473.9750878,624079001,632163000
a,24312731.4822081,632163001,635069000
a,24315509.2108473,635069001,639899000
a,24315167.7235055,639899001,643247000
a,24317136.8532524,643247001,644942000
a,24318069.5352144,644942001,912628000
a,24314368.2409106,912628001,959601000
a,24315962.4466068,959601001,959652000
a,24326209.3073663,959652001,959972000
a,24326357.9117967,959972001,965752000
a,24290454.8155695,965752001,965900000
a,24289311.512252,965900001,966222000
a,24288537.4672283,966222001,966694000
a,24288444.9885553,966694001,966770000
a,24288511.1970861,966770001,967982000
a,24214372.9484339,967982001,968092000
a,24240748.338985,968092001,977459000
a,24184797.155154,977459001,981734000
a,24124523.605891,981734001,981814000
a,23827301.7083741,981814001,982641000
a,23827302.5426112,982641001,983324000
a,23827436.7757637,983324001,983641000
a,23827569.5356398,983641001,983907000
a,23827570.4395902,983907001,984384000
a,23826734.8385058,984384001,985039000
a,23826842.4434632,985039001,985118000
a,23826841.769567,985118001,985369000
a,23827026.1731301,985369001,985562000
a,23752083.586495,985562001,1034256000
a,23752234.6799313,1034256001,1034650000
a,23752152.6513598,1034650001,1035045000
a,23752300.0891977,1035045001,1035089000
a,23752208.3702788,1035089001,1037350000
a,23750307.2714371,1037350001,1041970000
a,23750192.5393907,1041970001,1042679000
a,23718426.6079499,1042679001,1042698000
a,23683896.2590539,1042698001,1042890000
a,23683886.358361,1042890001,1044143000
a,23683655.5808399,1044143001,1044331000
a,23683677.5546659,1044331001,1045010000
a,23683729.476144,1045010001,1045247000
a,23683735.2521255,1045247001,1048852000
a,23644527.0226833,1048852001,1051115000
a,23717469.9086438,1051115001,1058791000
a,23711285.3566006,1058791001,1068359000
a,23815157.8462517,1068359001,1071712000
a,23861270.4317386,1071712001,1072045000
a,23862518.5325919,1072045001,1122721000
a,23903718.3415004,1122721001,1122910000
a,23940146.1817206,1122910001,1152000000
a,23935486.3451447,1152000001,1155912000
a,23951773.4408646,1155912001,1216837000
a,23988186.5343032,1216837001,1237512000
a,23990639.185901,1237512001,1472775000
a,23990019.4150514,1472775001,1476255000
a,23930691.4696111,1476255001,1476966000
a,23929952.7564388,1476966001,1476990000
a,23893838.4206311,1476990001,1480073000
a,23893286.8579852,1480073001,1482097000
a,23893282.2050669,1482097001,1483046000
a,23897936.6291914,1483046001,1485235000
a,23897971.4221875,1485235001,1486409000
a,23898264.8229658,1486409001,1487257000
a,23898389.9972848,1487257001,1503276000
a,37208313.3057331,1503276001,1503501000
a,37209573.550091,1503501001,2201370000
a,37508364.7468072,2201370001,2201476000
a,37624399.5766504,2201476001,2203482000
a,37621949.9996976,2203482001,2251969000
a,37620402.4382127,2251969001,2252011000
a,37621335.5635027,2252011001,2252505000
a,37935427.0762637,2252505001,2271646000
a,39685282.7404426,2271646001,2276395000
a,38402348.3989836,2276395001,2276424000
a,38345339.7396543,2276424001,2276488000
a,38175809.5098705,2276488001,2282746000
a,38176828.6334826,2282746001,2287262000
a,38176949.4328905,2287262001,2288964000
a,38120584.5852439,2288964001,2289038000
a,38121087.6029823,2289038001,2289160000
a,37629688.7504267,2289160001,2289241000
a,37761960.2593207,2289241001,2333663000
a,39588759.7839112,2333663001,2333835000
a,39588730.7027473,2333835001,2335094000
a,39532058.8950979,2335094001,2335188000
a,39288582.4550061,2335188001,2335490000
a,38825237.3249159,2335490001,2336031000
a,38825252.430021,2336031001,2338933000
a,38825187.7573484,2338933001,2340303000
a,38707105.1877156,2340303001,2340449000
a,38707185.7071766,2340449001,2342850000
a,38098301.5027894,2342850001,2342937000
a,38098310.0734816,2342937001,2346632000
a,38105525.5624359,2346632001,2347532000
a,38105528.9217879,2347532001,2348936000
a,38130952.18762,2348936001,2354650000
a,38131381.8341591,2354650001,2358412000
a,38131388.5823181,2358412001,2373820000
a,38076160.0741088,2373820001,2373874000
a,38076225.2505794,2373874001,2373935000
a,38076165.6388147,2373935001,2427340000
a,38080717.2049912,2427340001,2428283000
a,37695832.2152751,2428283001,2428406000
a,39467505.9825683,2428406001,2429071000
a,40072778.1386308,2429071001,2433584000
a,40073773.6110145,2433584001,2433656000
a,40074436.9613052,2433656001,2444259000
a,39924800.7812996,2444259001,2444357000
a,39585263.4575007,2444357001,2444761000
a,39531604.5485358,2444761001,2677625000
a,39587745.8219197,2677625001,2686350000
a,39842996.6987895,2686350001,2686384000
a,39842342.185276,2686384001,2692427000
a,40206223.222942,2692427001,2693459000
a,40149444.6816667,2693459001,2693552000
a,40092823.325275,2693552001,2693929000
a,40091837.0333145,2693929001,2693960000
a,40092066.0086319,2693960001,2693967000
a,40092064.0185049,2693967001,2693995000
a,40091712.0622285,2693995001,2694096000
a,40564686.8867665,2694096001,2696037000
a,40564575.5590591,2696037001,2698455000
a,40564575.3790309,2698455001,2700475000
a,40564569.3860633,2700475001,2703230000
a,40564850.5196779,2703230001,2711727000
a,39840418.7050981,2711727001,2712306000
a,39840347.6021975,2712306001,2775878000
a,39731071.471062,2775878001,2776731000
a,39731094.9517782,2776731001,2794631000
a,39731494.3443402,2794631001,2797564000
a,39640793.3131745,2797564001,2798554000
a,39640999.7403723,2798554001,2799306000
a,39641204.101636,2799306001,2800291000
a,39641083.4505371,2800291001,2806938000
a,40212492.2875852,2806938001,2864238000
a,40212707.7326401,2864238001,2865260000
a,40212337.0128599,2865260001,2873664000
a,41354634.0578352,2873664001,2876164000
a,41925685.8756525,2876164001,2879201000
a,41924793.9154876,2879201001,2880593000
a,41924338.9484547,2880593001,2880743000
a,41924335.9237294,2880743001,2880817000
a,41924477.9539492,2880817001,2883851000
a,43641531.6807527,2883851001,2949823000
a,48266781.0383818,2949823001,2949862000
a,48200711.0095818,2949862001,2952487000
a,48255393.2648864,2952487001,2961956000
a,48254940.9582471,2961956001,2962269000
a,48254928.15195,2962269001,2966051000
a,48254941.1184114,2966051001,2967443000
a,49393210.773089,2967443001,2981601000
a,49460875.519865,2981601001,2982035000
a,48890418.5643081,2982035001,2982264000
a,50049882.9093831,2982264001,3038794000
a,50050243.6327589,3038794001,3038948000
a,50050405.484065,3038948001,3041442000
a,50058561.7426048,3041442001,3044042000
a,50058482.9830603,3044042001,3044898000
a,52007869.9058474,3044898001,3047026000
a,52562156.2900859,3047026001,3047224000
a,52562401.7451159,3047224001,3050945000
a,55897108.9193011,3050945001,3056247000
a,58035357.7623679,3056247001,3056274000
a,58034988.3531863,3056274001,3059059000
a,59538320.7797379,3059059001,3064611000
a,60642487.7375906,3064611001,3064810000
a,60642889.4469469,3064810001,3064897000
a,60646840.5026868,3064897001,3284324000
a,60338132.9558899,3284324001,3286564000
a,60338400.4529583,3286564001,3286805000
a,60336076.7174534,3286805001,3286867000
a,60336076.7083329,3286867001,3286922000
a,60336078.7239681,3286922001,3287902000
a,60335708.5428606,3287902001,3288524000
a,60381093.220385,3288524001,3292464000
a,60380332.8757596,3292464001,3296627000
a,60920223.581129,3296627001,3297037000
a,60920534.6560476,3297037001,3306367000
a,60921251.5329205,3306367001,3395366000
a,60917072.2182626,3395366001,3395397000
a,60911385.9485557,3395397001,3397045000
a,60911019.1576762,3397045001,3397110000
a,60910709.4847121,3397110001,3399292000
a,60910170.856699,3399292001,3399330000
a,60752068.8804633,3399330001,3402093000
a,60752072.8882606,3402093001,3402127000
a,60752192.3619448,3402127001,3402923000
a,62291919.3438598,3402923001,3410160000
a,62291984.4950603,3410160001,3410763000
a,62304903.140096,3410763001,3410800000
a,62305288.8831201,3410800001,3468236000
a,62306254.3964231,3468236001,3468426000
a,62306223.1582661,3468426001,3468434000
a,62306104.4879221,3468434001,3473784000
a,62306156.3497002,3473784001,3478696000
a,62307936.7202388,3478696001,3482359000
a,62269205.4234034,3482359001,3484269000
a,62269430.7560882,3484269001,3490054000
a,62268871.6588119,3490054001,3492797000
a,62271118.198371,3492797001,3496175000
a,61410825.1278056,3496175001,3496286000
a,62736798.0270556,3496286001,3497097000
a,62737439.8446061,3497097001,3497127000
a,62737642.9677121,3497127001,3498658000
a,62736955.1659444,3498658001,3502623000
a,62737069.4336212,3502623001,3502754000
a,62274713.5851228,3502754001,3546011000
a,62274662.7818647,3546011001,3548858000
a,62274665.8269774,3548858001,3554135000
a,62274698.7292331,3554135001,3555249000
a,62275489.1352481,3555249001,3579435000
a,61233369.894,3579435001,3582330000
a,61233147.3693695,3582330001,3582411000
a,61083974.8340639,3582411001,3585668000
a,61083931.4034742,3585668001,3588604000
a,60866177.5292876,3588604001,3633936000
a,60866126.2410379,3633936001,3634014000
a,60866069.6828984,3634014001,3636152000
a,60866068.0941591,3636152001,3636992000
a,60866067.6388348,3636992001,3637460000
a,60866070.0782473,3637460001,3639921000
a,60866067.365885,3639921001,3640166000
a,60866070.4405483,3640166001,3642923000
a,60866070.8101934,3642923001,3645982000
a,60866072.3744529,3645982001,3650319000
a,60866069.5201077,3650319001,3652324000
a,60866069.4466683,3652324001,3653051000
a,60805334.2739697,3653051001,3654269000
a,60805337.8036308,3654269001,3661239000
a,60560180.7487149,3661239001,3664865000
a,60545826.9988637,3664865001,3667936000
a,60270640.8096002,3667936001,3668413000
a,60270606.0955672,3668413001,3670782000
a,60272127.9853078,3670782001,3671586000
a,60011638.2752829,3671586001,3904446000
a,60046729.4339883,3904446001,3910448000
a,59717921.6328558,3910448001,3913078000
a,59719742.5435388,3913078001,3919480000
a,59771849.108466,3919480001,4016700000
a,59816525.8065463,4016700001,4016877000
a,59816959.5796702,4016877001,4073642000
a,59784267.7304827,4073642001,4088916000
a,59784844.0981127,4088916001,4100728000
a,60093024.9682694,4100728001,4102830000
a,60093927.5347434,4102830001,4173504000
a,60106274.4260728,4173504001,4180673000
a,60109566.5422578,4180673001,4189376000
a,60108293.3861884,4189376001,4189419000
a,60108347.6439919,4189419001,4238349000
a,60177850.7361725,4238349001,4238742000
a,60108031.1607549,4238742001,4243825000
a,60587475.9276578,4243825001,4254636000
a,60602629.7699764,4254636001,4267458000
a,60602275.6779166,4267458001,4270014000
a,61122565.7842123,4270014001,4272944000
a,61123739.9786887,4272944001,4493285000
a,62004897.3301408,4493285001,4493504000
a,61901287.4104676,4493504001,4501544000
a,61902085.9560786,4501544001,4506786000
a,61902878.4867728,4506786001,4508367000
a,61903171.0616437,4508367001,4511708000
a,61902885.4162048,4511708001,4511711000
a,61906247.3622748,4511711001,4511763000
a,61906434.465545,4511763001,4522769000
a,61904634.1890103,4522769001,4526774000
a,61904901.0587751,4526774001,4607194000
a,61777682.7151946,4607194001,4607323000
a,61777682.820518,4607323001,4607544000
a,61780070.8170836,4607544001,4607910000
a,62610789.7523894,4607910001,4608143000
a,62745287.8900114,4608143001,4608657000
a,62750515.689669,4608657001,4608892000
a,62751990.0903539,4608892001,4612696000
a,62754324.6074772,4612696001,4664690000
a,62776091.4527968,4664690001,4681900000
a,62775744.4898973,4681900001,4682279000
a,62776440.8089612,4682279001,4682604000
a,62776463.2975457,4682604001,4686580000
a,62775587.1816781,4686580001,4686627000
a,62771362.1525685,4686627001,4687391000
a,62771360.9813356,4687391001,4687471000
a,62771391.4733448,4687471001,4693216000
a,63010677.523214,4693216001,4698541000
a,63010813.8382825,4698541001,4698579000
a,63272203.0154349,4698579001,4703485000
a,63272299.9035628,4703485001,4763356000
a,63272031.4400925,4763356001,4763953000
a,63344261.4908812,4763953001,4764764000
a,63344260.0623097,4764764001,4764922000
a,63344260.3605954,4764922001,4765341000
a,63344260.1023097,4765341001,4765534000
a,63344260.2737383,4765534001,4765877000
a,63344260.172024,4765877001,4766131000
a,63344260.2828811,4766131001,4766482000
a,63344271.4657383,4766482001,4776618000
a,63344260.2348811,4776618001,4776927000
a,63344259.9765954,4776927001,4776998000
a,63817200.4701623,4776998001,4777010000
a,63817200.5947337,4777010001,4777202000
a,63817201.3341623,4777202001,4778041000
a,63817299.6301623,4778041001,4778233000
a,63815625.8290194,4778233001,4781264000
a,63816242.9855909,4781264001,4793225000
a,63816721.9633051,4793225001,4793303000
a,63841224.9821623,4793303001,4801111000
a,64099628.1429457,4801111001,4807012000
a,64117456.5069457,4807012001,4839115000
a,64117473.0029457,4839115001,4840435000
a,64122916.6623743,4840435001,4848152000
a,64122868.9572314,4848152001,4853451000
a,64131488.8778029,4853451001,4864889000
a,64131817.15666,4864889001,4885652000
a,64151305.5652314,4885652001,5188380000
a,64184738.6863743,5188380001,5189544000
a,64111695.6741752,5189544001,5227622000
a,66930369.9575382,5227622001,5230119000
a,66930823.5979492,5230119001,5230205000
a,66855284.6759447,5230205001,5233472000
a,67104612.0359054,5233472001,5238981000
a,67575813.893797,5238981001,5283975000
a,67820220.300508,5283975001,5285966000
a,68289056.1287531,5285966001,5388604000
a,68825104.4461659,5388604001,5460647000
a,68825092.4615593,5460647001,5469113000
a,68833018.6884692,5469113001,5900649000
a,68833196.8138968,5900649001,5901449000
a,69678355.2870495,5901449001,5902514000
a,71163357.4060918,5902514001,5902609000
a,71037234.9085822,5902609001,5913107000
a,71283750.2226077,5913107001,5990789000
a,71360837.7208691,5990789001,5994390000
a,71285424.3272126,5994390001,5996032000
a,71285467.6779801,5996032001,6066636000
a,71806177.4159903,6066636001,6067090000
a,71728539.4189417,6067090001,6071754000
a,71728444.0614317,6071754001,6073928000
a,71730272.4766231,6073928001,6074769000
a,71732728.2207693,6074769001,6080583000
a,71733382.1727967,6080583001,6086316000
a,71730916.0357322,6086316001,6322917000
a,71730826.5788504,6322917001,6335815000
a,71728132.5091759,6335815001,6402524000
a,71790556.3778224,6402524001,6402585000
a,72102785.3550965,6402585001,6403842000
a,72102783.9294438,6403842001,6403904000
a,72102784.6286493,6403904001,6404582000
a,72104083.6161635,6404582001,6408149000
a,72103895.6445403,6408149001,6410128000
a,72134382.0650851,6410128001,6411164000
a,72134396.2835868,6411164001,6424925000
a,72832343.5255452,6424925001,6438761000
a,72833072.7088032,6438761001,6439232000
a,72833341.5119706,6439232001,6439698000
a,72912486.0031236,6439698001,6441092000
a,73507569.2749804,6441092001,6492808000
a,73589854.6377535,6492808001,6518852000
a,73589925.8203865,6518852001,6568910000
a,79413788.3654308,6568910001,6588217000
a,79410101.2416213,6588217001,6591815000
a,79418651.8332179,6591815001,6592701000
a,80819745.9403473,6592701001,6592921000
a,80818717.9000112,6592921001,6667260000
a,81083552.5159053,6667260001,6681627000
a,81083468.1293507,6681627001,6681665000
a,81085208.8946168,6681665001,6681770000
a,81375423.5973457,6681770001,6686264000
a,81375328.8197546,6686264001,6693680000
a,81394146.5850207,6693680001,6696124000
a,81396066.7004269,6696124001,6770861000
a,81395841.9217154,6770861001,6772197000
a,81395841.0242364,6772197001,6772732000
a,81395840.8729759,6772732001,6773132000
a,81395845.3973457,6773132001,6777570000
a,81395840.5816594,6777570001,6777710000
a,81395877.5609311,6777710001,6810854000
a,81395985.5766174,6810854001,6938851000
a,81442117.6789585,6938851001,6940402000
a,81685669.6522606,6940402001,6942544000
a,81685474.3708705,6942544001,6963711000
a,81919240.2152489,6963711001,7011934000
a,81918994.5235448,7011934001,7026999000
a,81918936.7040381,7026999001,7028834000
a,81918574.7847556,7028834001,7033106000
a,81924791.2158094,7033106001,7038712000
a,82162125.7765555,7038712001,7097427000
a,82161961.7502102,7097427001,7097474000
a,82161975.6201654,7097474001,7106170000
a,82177873.3544703,7106170001,7119596000
a,82445870.2565841,7119596001,7133602000
a,82450080.2195886,7133602001,7137097000
a,82451930.7050146,7137097001,7183274000
a,82451368.8406648,7183274001,7183418000
a,82451125.416898,7183418001,7210341000
a,82449998.1321446,7210341001,7219741000
a,82450234.3955975,7219741001,7265308000
a,82471049.4656648,7265308001,7277148000
a,82389985.4220302,7277148001,7277656000
a,82390484.8218063,7277656001,7549668000
a,82179572.7650986,7549668001,7620776000
a,82181388.4911565,7620776001,7622302000
a,82184884.3313569,7622302001,7631151000
a,82198831.0763458,7631151001,7724128000
a,82708491.2911242,7724128001,8392779000
a,81924787.0290744,8392779001,8423444000
a,82417194.5451857,8423444001,8491091000
a,86522196.1363379,8491091001,8827701000
a,86522106.2607268,8827701001,8998850000
a,86744091.1240462,8998850001,9000124000
a,86744967.0414823,9000124001,9002861000
a,86603998.0647337,9002861001,9003495000
a,86510273.8349778,9003495001,9088413000
a,86508805.2715975,9088413001,9089176000
a,86510449.2250103,9089176001,9097214000
a,87950757.6855877,9097214001,9098897000
a,87950883.5447427,9098897001,9100029000
a,87946747.2749702,9100029001,9115754000
a,87475522.5364197,9115754001,9359104000
a,87475043.5665921,9359104001,9370119000
a,87473975.277799,9370119001,9430907000
a,87473409.1409456,9430907001,9433326000
a,87473407.5003206,9433326001,9434730000
a,87473449.9076482,9434730001,9455735000
a,87473555.9453637,9455735001,9455844000
a,87463373.1307085,9455844001,9461258000
a,87471248.0143292,9461258001,9462370000
a,87470157.2664844,9462370001,9462580000
a,87470663.6754283,9462580001,9464925000
a,87470413.1075404,9464925001,9465429000
a,87470583.7045232,9465429001,9545090000
a,87470561.4938551,9545090001,9618646000
a,87470331.5084025,9618646001,9626263000
a,87470433.5067861,9626263001,9634943000
a,87470326.1166999,9634943001,9650769000
a,88390783.3862921,9650769001,9695516000
a,88390547.9618548,9695516001,9703843000
a,88390540.9586393,9703843001,9708903000
a,88390429.3085857,9708903001,9719261000
a,88167239.461155,9719261001,9720491000
a,88168207.3457087,9720491001,9964591000
a,88169406.2821064,9964591001,9965366000
a,88169407.5808771,9965366001,9967356000
a,88169412.3280711,9967356001,9973787000
a,88083689.9956332,9973787001,10032598000
a,88083630.4814848,10032598001,10035674000
a,88083640.5412819,10035674001,10037364000
a,87264495.685257,10037364001,10037468000
a,87172431.0738621,10037468001,10037533000
a,87176932.8160703,10037533001,10048171000
a,87176929.771168,10048171001,10057402000
a,87176283.4806239,10057402001,10057786000
a,87176273.7521506,10057786001,10058193000
a,86833114.5480384,10058193001,10058906000
a,86833366.2019048,10058906001,10071780000
a,86830946.5585592,10071780001,10074489000
a,88444171.002703,10074489001,10241454000
a,88454176.1210896,10241454001,10298816000
a,88485880.1189319,10298816001,11776768000
a,88475813.4995602,11776768001,11777164000
a,88475813.1225969,11777164001,11777200000
a,88475898.5006073,11777200001,11858772000
a,88475813.1519162,11858772001,11858836000
a,88475815.1079372,11858836001,11860768000
a,88475743.9958953,11860768001,11869778000
a,88477181.1435393,11869778001,11875387000
a,88477175.5917068,11875387001,11878345000
a,88477340.5445864,11878345001,11960068000
a,88478619.3634346,11960068001,11971593000
a,88488077.7205026,11971593001,12373797000
a,94741250.7949091,12373797001,12485947000
a,94741380.2491694,12485947001,12555867000
a,94741337.4870157,12555867001,12641955000
a,95117398.5975894,12641955001,12652427000
a,95116643.2104085,12652427001,12652804000
a,95212861.8073938,12652804001,12653016000
a,95114884.9571516,12653016001,12656133000
a,95111280.3422481,12656133001,12660270000
a,95774841.9478306,12660270001,12662337000
a,96425210.920271,12662337001,12664356000
a,96425266.0859823,12664356001,12669414000
a,96648616.6041537,12669414001,12716815000
a,96649010.9850813,12716815001,12734856000
a,97486395.3594867,12734856001,12744924000
a,96518577.4524536,12744924001,12768397000
a,96953653.2423101,12768397001,12972127000
a,96956360.8444773,12972127001,12990652000
a,96951299.4884401,12990652001,13023613000
a,97211662.965665,13023613001,13074714000
a,97215852.2596619,13074714001,13169881000
a,97216184.0431406,13169881001,13642679000
a,97607291.4803345,13642679001,13658918000
a,97583872.2391311,13658918001,13661094000
a,97534180.5830459,13661094001,13683757000
a,97275455.9135414,13683757001,13683775000
a,97210498.5236075,13683775001,13684572000
a,97210503.7478068,13684572001,13688422000
a,97210687.9308267,13688422001,13690507000
a,97211189.2506029,13690507001,13690528000
a,97211341.3385542,13690528001,13692753000
a,97211458.1814621,13692753001,13742263000
a,98075953.9331062,13742263001,13771567000
a,98071169.0968073,13771567001,13771588000
a,98071047.5579156,13771588001,13778972000
a,98074183.2635587,13778972001,13850230000
a,98073702.1501881,13850230001,13857090000
a,98070841.3042298,13857090001,13859992000
a,98070598.986487,13859992001,13860011000
a,98070770.540122,13860011001,13860114000
a,98070682.4033655,13860114001,13861011000
a,98044974.0535943,13861011001,13861518000
a,98045017.0927402,13861518001,13865346000
a,98047955.2554245,13865346001,13866668000
a,98040329.6916218,13866668001,13870854000
a,98046851.5762176,13870854001,13921397000
a,98046747.2747433,13921397001,13927849000
a,98047350.3210066,13927849001,13938294000
a,97750100.4421794,13938294001,13950998000
a,97749770.9044197,13950998001,13951481000
a,97750155.7483122,13951481001,13952824000
a,97740794.1492245,13952824001,13964097000
a,97745617.9551039,13964097001,14186958000
a,97745973.2865788,14186958001,14205063000
a,99314424.1475631,14205063001,14214805000
a,99366305.0264915,14214805001,14264418000
a,99365640.7554972,14264418001,14274249000
a,99363498.378372,14274249001,14279775000
a,99363869.4839876,14279775001,14298497000
a,99354759.9620917,14298497001,14302777000
a,99453262.2503455,14302777001,14308928000
a,99457242.2812893,14308928001,14384939000
a,99457273.9130583,14384939001,14384950000
a,99457157.1822692,14384950001,14385818000
a,99457271.6634451,14385818001,14385845000
a,99457268.4406498,14385845001,14460679000
a,99458136.3148117,14460679001,14465380000
a,99377399.3565041,14465380001,14469312000
a,99378118.9821478,14469312001,14469993000
a,99379747.3194289,14469993001,14471046000
a,99280778.7902937,14471046001,14471081000
a,99178744.5140447,14471081001,14472509000
a,99182258.5417939,14472509001,14472532000
a,99182796.6055144,14472532001,14554731000
a,99194134.4256583,14554731001,14792038000
a,98992639.1955543,14792038001,14808139000
a,98992710.1350415,14808139001,14826059000
a,98992743.2088877,14826059001,14841295000
a,98333996.9543204,14841295001,14852070000
a,98333806.0256398,14852070001,14904275000
a,98334667.8738314,14904275001,14904296000
a,98271356.000678,14904296001,14907244000
a,98269897.6568166,14907244001,14962572000
a,98269918.5870255,14962572001,14965344000
a,98272499.3195777,14965344001,14994399000
a,98272454.4270662,14994399001,14994411000
a,98275562.6782124,14994411001,14998060000
a,98265049.3740861,14998060001,15051589000
a,98265047.9354717,15051589001,15067495000
a,98268497.7648146,15067495001,15137128000
a,98272827.1494299,15137128001,15158091000
a,98331492.6360917,15158091001,15170103000
a,100050136.499973,15170103001,15227225000
a,100049677.13689,15227225001,15233560000
a,100261256.167504,15233560001,15233573000
a,100261782.45148,15233573001,15267972000
a,100152152.817284,15267972001,15398777000
a,100152197.081721,15398777001,15404968000
a,100152406.086787,15404968001,15404986000
a,100152012.07007,15404986001,15408670000
a,100154497.52853,15408670001,15410737000
a,100103377.995604,15410737001,15416067000
a,100511672.587878,15416067001,15416199000
a,100511676.642562,15416199001,15416396000
a,100512061.56003,15416396001,15418629000
a,100512060.611676,15418629001,15419186000
a,102843512.040011,15419186001,15505343000
a,102642181.918992,15505343001,15573271000
a,102638864.745078,15573271001,15579679000
a,102638883.992955,15579679001,15593790000
a,102621267.986458,15593790001,15670333000
a,102619401.027937,15670333001,15681790000
a,102618374.570166,15681790001,15682216000
a,102719790.571737,15682216001,15683317000
a,102719931.25858,15683317001,15683346000
a,102720118.583743,15683346001,15697215000
a,102978824.492383,15697215001,15731692000
a,102978563.341307,15731692001,15742616000
a,102978513.582428,15742616001,15747344000
a,102980222.169721,15747344001,15747903000
a,102981990.964119,15747903001,15750540000
a,102985297.741507,15750540001,15753708000
a,102985292.9271,15753708001,15754490000
a,102986644.643958,15754490001,15759988000
a,102987162.416845,15759988001,15761844000
a,102987185.3273,15761844001,15786599000
a,102988792.191232,15786599001,15856837000
a,102886317.11208,15856837001,15947992000
a,102877254.018941,15947992001,16026597000
a,102876911.552573,16026597001,16026762000
a,103970659.588866,16026762001,16101148000
a,103967638.33229,16101148001,16103430000
a,103967535.13229,16103430001,16103573000
a,103969079.418146,16103573001,16110947000
a,103968977.308469,16110947001,16147601000
a,105245661.449546,16147601001,16176937000
a,105504038.109391,16176937001,16200808000
a,105504095.77705,16200808001,16260819000
a,105503937.911971,16260819001,16280769000
a,105504104.100463,16280769001,16287937000
a,105708848.219198,16287937001,16350461000
a,105706490.953821,16350461001,16358597000
a,105685214.120928,16358597001,16362099000
a,105685608.839245,16362099001,16366650000
a,105889804.842894,16366650001,16602428000
a,106093088.850008,16602428001,16614647000
a,106092919.975751,16614647001,16618109000
a,106092326.821296,16618109001,16621060000
a,106092166.814365,16621060001,16631378000
a,105977745.384776,16631378001,16674685000
a,105980298.471324,16674685001,16691299000
a,105875595.806827,16691299001,16691353000
a,105875561.867103,16691353001,16695622000
a,106076281.953255,16695622001,16697943000
a,106076160.229441,16697943001,16711675000
a,106072566.654342,16711675001,16711938000
a,106072718.818374,16711938001,16712501000
a,106066210.220295,16712501001,16713269000
a,106067155.588145,16713269001,16714895000
a,106070696.750867,16714895001,16718070000
a,106070934.027002,16718070001,16759556000
a,106070966.942682,16759556001,16764892000
a,106071337.588145,16764892001,16774564000
a,106173588.617604,16774564001,16778162000
a,106173623.636835,16778162001,16786729000
a,106173749.41001,16786729001,16803976000
a,106174825.706855,16803976001,16820799000
a,115641085.667667,16820799001,16850633000
a,116575842.597557,16850633001,16866157000
a,116572167.634009,16866157001,16866191000
a,116572000.072529,16866191001,16866455000
a,117704594.638602,16866455001,16867496000
a,117696532.99884,16867496001,16876808000
a,117697010.550303,16876808001,16881601000
a,117698209.008591,16881601001,16883578000
a,117573568.426331,16883578001,16885969000
a,117573793.317023,16885969001,16886322000
a,117574310.556742,16886322001,16944875000
a,117574130.576222,16944875001,16958806000
a,117559742.65198,16958806001,16973801000
a,118141794.323059,16973801001,16974834000
a,118119675.017773,16974834001,17045291000
a,118119484.694688,17045291001,17221736000
a,118130807.66718,17221736001,17323950000
a,118130150.793933,17323950001,17326519000
a,118090866.103505,17326519001,17378133000
a,118089708.774842,17378133001,17382191000
a,118071076.295316,17382191001,17401069000
a,118070839.828182,17401069001,17403545000
a,118070352.185402,17403545001,17407131000
a,118375389.450403,17407131001,17407667000
a,118375619.957399,17407667001,17409107000
a,118375988.944482,17409107001,17409334000
a,118376412.13501,17409334001,17413082000
a,118376598.704439,17413082001,17475524000
a,118376285.072577,17475524001,17476904000
a,118376228.471931,17476904001,17483108000
a,118376164.057507,17483108001,17488267000
a,118594748.843498,17488267001,17489137000
a,118594761.426921,17489137001,17492699000
a,118594692.783218,17492699001,17500157000
a,120021771.352389,17500157001,17501697000
a,120009603.423129,17501697001,17538375000
a,120008570.745744,17538375001,17545092000
a,120009709.696441,17545092001,17554751000
a,120004815.730738,17554751001,17556988000
a,120004832.996548,17556988001,17557046000
a,120005059.087652,17557046001,17568369000
a,120011087.288616,17568369001,17571417000
a,120011775.805765,17571417001,17574466000
a,120012164.28808,17574466001,17577608000
a,120013081.881864,17577608001,17578141000
a,120225907.822041,17578141001,17616344000
a,125597465.853066,17616344001,17668607000
a,124967207.01616,17668607001,17673062000
a,124967605.743716,17673062001,17768047000
a,124966290.907701,17768047001,17803353000
a,124966134.423529,17803353001,17810559000
a,124966039.945065,17810559001,17810951000
a,124966733.914966,17810951001,17816659000
a,124966745.259024,17816659001,17827131000
a,125177684.258179,17827131001,17828257000
a,125177805.016352,17828257001,17830671000
a,125178148.531142,17830671001,17831688000
a,125175789.97847,17831688001,17834333000
a,125928259.629756,17834333001,17899895000
a,126677558.164068,17899895001,17913258000
a,128330562.518357,17913258001,17916318000
a,128330961.268744,17916318001,17928257000
a,128330828.196026,17928257001,17934584000
a,129244962.646928,17934584001,17967051000
a,136496181.754159,17967051001,18010759000
a,136501163.987325,18010759001,18077215000
a,136362943.63041,18077215001,18085862000
a,136361492.290551,18085862001,18089242000
a,136361543.546073,18089242001,18090470000
a,136361542.459727,18090470001,18090616000
a,136363777.322177,18090616001,18094815000
a,163560554.456792,18094815001,18099050000
a,163560662.973865,18099050001,18124351000
a,163561232.669475,18124351001,18154491000
a,163561258.312889,18154491001,18155002000
a,163561625.665572,18155002001,18158858000
a,163561567.398255,18158858001,18158942000
a,163561520.487036,18158942001,18164888000
a,163564727.530938,18164888001,18168972000
a,163762757.842826,18168972001,18172438000
a,163764714.158436,18172438001,18176252000
a,163924035.890036,18176252001,18176382000
a,163528740.717873,18176382001,18176839000
a,163847816.787601,18176839001,18177129000
a,167104707.287325,18177129001,18178161000
a,167297759.806004,18178161001,18180857000
a,168104609.338526,18180857001,18180911000
a,168202377.153309,18180911001,18181038000
a,168203338.636315,18181038001,18181215000
a,168727337.004315,18181215001,18257261000
a,168922874.130511,18257261001,18329771000
a,168922882.822413,18329771001,18333717000
a,168923257.069658,18333717001,18337046000
a,168941188.093069,18337046001,18337162000
a,170294110.85485,18337162001,18343314000
a,170514416.766348,18343314001,18343469000
a,170191501.616842,18343469001,18346304000
a,169907835.608274,18346304001,18347347000
a,169754001.846017,18347347001,18347788000
a,169753661.575401,18347788001,18348898000
a,169754010.078245,18348898001,18374879000
a,169754208.078245,18374879001,18378122000
a,170133790.453952,18378122001,18396426000
a,170319969.299151,18396426001,18416042000
a,170321500.875454,18416042001,18420098000
a,170701022.229361,18420098001,18424242000
a,170701058.169645,18424242001,18432436000
a,170699607.763958,18432436001,18438472000
a,170700182.116564,18438472001,18438888000
a,170701010.352583,18438888001,18444532000
a,170701179.772015,18444532001,18448819000
a,170702205.573437,18448819001,18458362000
a,170380153.169797,18458362001,18508239000
a,170380094.534036,18508239001,18508276000
a,170380174.868,18508276001,18511739000
a,170371240.624386,18511739001,18512180000
a,170370754.111614,18512180001,18514157000
a,170290200.615107,18514157001,18514266000
a,170370754.111614,18514266001,18515002000
a,170290200.904469,18515002001,18515723000
a,170370754.111614,18515723001,18515845000
a,170290200.83922,18515845001,18516428000
a,170370754.111614,18516428001,18516542000
a,170372482.131008,18516542001,18521638000
a,170372643.012749,18521638001,18521682000
a,170370863.070459,18521682001,18526032000
a,170369260.642361,18526032001,18528184000
a,180322008.110177,18528184001,18540467000
a,179997430.158532,18540467001,18582484000
a,180198183.113718,18582484001,18583931000
a,180209333.532928,18583931001,18603664000
a,180208647.510939,18603664001,18603741000
a,180207508.226581,18603741001,18614634000
a,180208610.956216,18614634001,18615569000
a,180409473.135312,18615569001,18616401000
a,180610986.558786,18616401001,18624220000
a,180610926.115008,18624220001,18624301000
a,180430665.269161,18624301001,18674699000
a,180430129.487833,18674699001,18679906000
a,180427778.872257,18679906001,18680462000
a,180427725.980095,18680462001,18695133000
a,180428497.911198,18695133001,18695202000
a,180069592.191395,18695202001,18700698000
a,180069559.596477,18700698001,18701937000
a,180121439.131604,18701937001,18702092000
a,180121579.263642,18702092001,18703990000
a,180122278.2472,18703990001,18710250000
a,180121840.209332,18710250001,18718301000
a,180122427.143064,18718301001,18758364000
a,180316602.556802,18758364001,18759637000
a,180316620.941455,18759637001,18762136000
a,180316591.527405,18762136001,18763291000
a,180315394.19457,18763291001,18765065000
a,180326412.137676,18765065001,18765129000
a,180337419.080342,18765129001,18768251000
a,180336339.88074,18768251001,18768795000
a,180336379.981785,18768795001,18780848000
a,180337472.785668,18780848001,18784350000
a,180338300.970835,18784350001,18823784000
a,179121656.331065,18823784001,18824872000
a,179121731.288102,18824872001,18853533000
a,179267602.344892,18853533001,18855120000
a,179267575.981436,18855120001,18859544000
a,179465283.434458,18859544001,18862123000
a,179465067.997421,18862123001,18871415000
a,179464282.881866,18871415001,18874266000
a,179835620.018528,18874266001,18882848000
a,179835786.740998,18882848001,18895029000
a,179838133.180998,18895029001,18926491000
a,179837741.758282,18926491001,18956962000
a,179859841.378602,18956962001,18957281000
a,179859748.745153,18957281001,19018443000
a,179948281.488364,19018443001,19020619000
a,180526552.793561,19020619001,19028976000
a,180823974.00464,19028976001,19031331000
a,180829284.679047,19031331001,19031681000
a,180828261.407308,19031681001,19032503000
a,180828283.882604,19032503001,19035050000
a,180828039.554541,19035050001,19036059000
a,180828095.884581,19036059001,19042659000
a,180826684.306517,19042659001,19047134000
a,180830040.016992,19047134001,19056070000
a,180830423.426577,19056070001,19062361000
a,180827968.808494,19062361001,19064963000
a,180828688.709185,19064963001,19069484000
a,180828789.373711,19069484001,19105710000
a,180828754.572822,19105710001,19106722000
a,180828555.418177,19106722001,19111805000
a,180829533.985865,19111805001,19113777000
a,180829120.691893,19113777001,19113803000
a,180829057.869758,19113803001,19113867000
a,180829122.814422,19113867001,19118172000
a,180839739.670787,19118172001,19122996000
a,180840434.944367,19122996001,19124846000
a,180839873.145849,19124846001,19126180000
a,180850364.147185,19126180001,19128148000
a,180850285.463572,19128148001,19139921000
a,181021328.541741,19139921001,19148742000
a,181021397.700675,19148742001,19151800000
a,181021408.086163,19151800001,19178166000
a,181021341.527427,19178166001,19178635000
a,181021746.256943,19178635001,19182108000
a,181021604.356647,19182108001,19184720000
a,181032599.793054,19184720001,19194383000
a,181032404.112738,19194383001,19196955000
a,181034714.130498,19196955001,19197078000
a,180856291.732144,19197078001,19200588000
a,180854883.567531,19200588001,19205651000
a,182043325.882576,19205651001,19209950000
a,182226033.486504,19209950001,19215958000
a,182632895.644131,19215958001,19219382000
a,182634841.159641,19219382001,19223621000
a,182636132.09514,19223621001,19273264000
a,182636070.072984,19273264001,19274285000
a,182636535.956785,19274285001,19283190000
a,182638522.905086,19283190001,19285157000
a,182835768.035746,19285157001,19287003000
a,182837563.506943,19287003001,19298317000
a,182835979.259282,19298317001,19300784000
a,182747288.859548,19300784001,19304171000
a,182744191.716831,19304171001,19307055000
a,183332929.755765,19307055001,19313730000
a,183332485.635686,19313730001,19327509000
a,183332990.323678,19327509001,19333509000
a,183528958.395711,19333509001,19370681000
a,183528712.929176,19370681001,19371239000
a,183531078.634392,19371239001,19377282000
a,183728437.150323,19377282001,19379036000
a,183737585.11481,19379036001,19386102000
a,183293633.679298,19386102001,19388406000
a,183294308.461928,19388406001,19395287000
a,183295411.603243,19395287001,19626428000
a,183294704.991859,19626428001,19629560000
a,183295303.123361,19629560001,19632477000
a,183295987.577237,19632477001,19634456000
a,183295517.263204,19634456001,19637826000
a,183686671.266512,19637826001,19638193000
a,183705097.323557,19638193001,19648978000
a,183900730.981092,19648978001,19649122000
a,183901097.039916,19649122001,19733558000
a,183900872.92619,19733558001,19733652000
a,183272254.337288,19733652001,19799681000
a,183272222.943052,19799681001,19802214000
a,183272043.093516,19802214001,19808489000
a,183285648.226882,19808489001,19811080000
a,183294877.240072,19811080001,19811805000
a,184079164.415199,19811805001,19811847000
a,184176709.901253,19811847001,19833672000
a,184181406.425923,19833672001,19898186000
a,183832797.433869,19898186001,19997484000
a,183475754.864168,19997484001,20002585000
a,183479805.76118,20002585001,20227139000
a,183301601.334992,20227139001,20236468000
a,183304084.104297,20236468001,20238292000
a,182941926.649417,20238292001,20238810000
a,182941926.596582,20238810001,20239219000
a,182942507.3198,20239219001,20239801000
a,182942662.615486,20239801001,20240570000
a,182942741.20395,20240570001,20245488000
a,183329162.207702,20245488001,20251899000
a,226872069.450448,20251899001,20256205000
a,226872314.705169,20256205001,20308028000
a,227305784.307703,20308028001,20316685000
a,227326377.237834,20316685001,20320561000
a,227333984.044238,20320561001,20320729000
a,227334632.368353,20320729001,20333475000
a,227334776.50712,20333475001,20333905000
a,227718055.944162,20333905001,20333920000
a,227718393.242075,20333920001,20334349000
a,227718566.543385,20334349001,20338476000
a,227720069.667112,20338476001,20343333000
a,229158998.837481,20343333001,20360781000
a,229159336.470846,20360781001,20393095000
a,229162821.599847,20393095001,20410935000
a,229356169.587418,20410935001,20422867000
a,229440410.793914,20422867001,20424353000
a,229457725.07339,20424353001,20429328000
a,229431947.553592,20429328001,20493468000
a,229431667.722279,20493468001,20507225000
a,229407249.066922,20507225001,20508154000
a,229407247.400902,20508154001,20508592000
a,229408807.936045,20508592001,20523026000
a,229189735.724485,20523026001,20523336000
a,229192741.813105,20523336001,20524023000
a,229192838.874606,20524023001,20568856000
a,229194382.042645,20568856001,20573175000
a,229195006.902693,20573175001,20591880000
a,228984682.610576,20591880001,20652052000
a,228988184.117107,20652052001,20796663000
a,228987818.62509,20796663001,20824090000
a,228988034.992773,20824090001,20831009000
a,228988034.864084,20831009001,20837795000
a,228986001.325622,20837795001,20851394000
a,229193411.021337,20851394001,20851673000
a,229193427.830054,20851673001,20858243000
a,229193649.554509,20858243001,20861803000
a,229193940.570005,20861803001,20863522000
a,229194273.145308,20863522001,20914673000
a,229194858.743371,20914673001,20924895000
a,229194690.770974,20924895001,20933336000
a,229415221.192468,20933336001,20938405000
a,229414644.639874,20938405001,20939523000
a,229419013.778023,20939523001,21004693000
a,230097973.328406,21004693001,21026173000
a,230084127.405781,21026173001,21027071000
a,230086639.841554,21027071001,21035017000
a,230089136.808593,21035017001,21090830000
a,230089050.923959,21090830001,21095641000
a,230093208.762543,21095641001,21109130000
a,230091670.907478,21109130001,21117001000
a,230099886.981157,21117001001,21118754000
a,230104793.602582,21118754001,21123757000
a,230104112.060653,21123757001,21123855000
a,230114345.621971,21123855001,21140720000
a,230114445.120275,21140720001,21178805000
a,230197496.788437,21178805001,21186708000
a,230197616.38632,21186708001,21437660000
a,230197062.766311,21437660001,21460956000
a,230182734.415439,21460956001,21548300000
a,228119657.12154,21548300001,21706900000
a,228124560.891907,21706900001,21716368000
a,228124552.739454,21716368001,21721558000
a,227911903.207574,21721558001,21786923000
a,227908992.247555,21786923001,21788681000
a,227624086.20676,21788681001,21789045000
a,227624086.634992,21789045001,21790310000
a,227624212.986228,21790310001,21800465000
a,227624326.90543,21800465001,21804831000
a,227624912.960563,21804831001,21809740000
a,227627998.593167,21809740001,22040366000
a,227627843.217692,22040366001,22055847000
a,227618340.552768,22055847001,22063513000
a,227618210.478624,22063513001,22064550000
a,227614541.969118,22064550001,22066143000
a,227284764.748943,22066143001,22072538000
a,227285202.175617,22072538001,22124703000
a,227284792.737078,22124703001,22143536000
a,225906295.895766,22143536001,22145391000
a,225699652.029229,22145391001,22152277000
a,225701427.268626,22152277001,22153182000
a,225701879.327061,22153182001,22220297000
a,225701416.056562,22220297001,22220718000
a,225701821.974564,22220718001,22227077000
a,225706634.995299,22227077001,22240764000
a,225704733.147514,22240764001,22240791000
a,225712338.372302,22240791001,22251216000
a,225712353.019804,22251216001,22298858000
a,225699563.182278,22298858001,22299828000
a,225702276.346668,22299828001,22300300000
a,225702281.194054,22300300001,22309999000
a,225701938.85868,22309999001,22311063000
a,225677153.220651,22311063001,22332198000
a,225677465.647945,22332198001,22338412000
a,225677483.934063,22338412001,22338426000
a,225679587.582533,22338426001,22386559000
a,225683211.06771,22386559001,22401626000
a,225678268.307025,22401626001,22402547000
a,225675967.978238,22402547001,22403620000
a,225578572.341671,22403620001,22405211000
a,225578915.994234,22405211001,22406362000
a,225591538.376462,22406362001,22406696000
a,225591443.077449,22406696001,22407399000
a,225589401.063815,22407399001,22409773000
a,225486758.237188,22409773001,22409801000
a,225488424.492827,22409801001,22651818000
a,225487636.836812,22651818001,22673768000
a,225677461.387458,22673768001,22681153000
a,225677460.707307,22681153001,22682703000
a,225678244.923206,22682703001,22682746000
a,225663580.260459,22682746001,22692692000
a,225660842.915209,22692692001,22694661000
a,225660581.973064,22694661001,22722036000
a,225661910.553497,22722036001,22737341000
a,225767300.066699,22737341001,22741459000
a,225772421.759875,22741459001,22747296000
a,225772325.746228,22747296001,22759030000
a,225771736.754228,22759030001,22759650000
a,225771217.859169,22759650001,22765671000
a,225775011.688346,22765671001,22767672000
a,225774750.41964,22767672001,22771398000
a,225773822.337758,22771398001,22820016000
a,225772145.506228,22820016001,22827088000
a,225772876.10764,22827088001,22829631000
a,225772754.384816,22829631001,22834060000
a,225782454.433758,22834060001,22834110000
a,225782781.703405,22834110001,22842559000
a,225776408.656346,22842559001,22844807000
a,225774963.174934,22844807001,22846248000
a,225774968.597993,22846248001,22867932000
a,225775464.880346,22867932001,22901620000
a,225775403.229522,22901620001,22902556000
a,225775413.277522,22902556001,22908830000
a,225775508.430464,22908830001,22910343000
a,225762958.291951,22910343001,22916165000
a,225760468.66213,22916165001,22926689000
a,225760205.981979,22926689001,22995932000
a,225758867.881321,22995932001,23020965000
a,225758966.075112,23020965001,23021007000
a,225547016.741395,23021007001,23021263000
a,225651558.079308,23021263001,23022672000
a,225651509.201076,23022672001,23023421000
a,225654350.249971,23023421001,23161858000
a,225828742.334772,23161858001,23259809000
a,225411384.808099,23259809001,23265882000
a,225410815.801529,23265882001,23269371000
a,225410449.334143,23269371001,23271169000
a,225409884.199465,23271169001,23272249000
a,225409167.852679,23272249001,23274935000
a,225410026.34259,23274935001,23275880000
a,225400291.431281,23275880001,23278739000
a,223947766.903396,23278739001,23279977000
a,223896232.402744,23279977001,23281682000
a,223895338.67931,23281682001,23330309000
a,223897536.029658,23330309001,23339621000
a,223899741.57815,23339621001,23351825000
a,223898420.77119,23351825001,23355747000
a,223898336.499728,23355747001,23365492000
a,223896565.112257,23365492001,23370013000
a,223896687.519682,23370013001,23389042000
a,223896291.644972,23389042001,23390865000
a,224100287.366425,23390865001,23430150000
a,224099720.822998,23430150001,23437202000
a,224099705.037582,23437202001,23445079000
a,224099641.239161,23445079001,23445256000
a,224099443.170884,23445256001,23446737000
a,224099399.613058,23446737001,23455330000
a,224075124.023071,23455330001,23455400000
a,224075568.897317,23455400001,23468793000
a,224075201.142329,23468793001,23497323000
a,222803873.616299,23497323001,23509587000
a,222803901.680178,23509587001,23516671000
a,222806547.218781,23516671001,23529012000
a,222806896.42742,23529012001,23529608000
a,222807295.10481,23529608001,23530323000
a,222807451.763818,23530323001,23531590000
a,222808705.839185,23531590001,23592833000
a,222796892.200744,23592833001,23597172000
a,222785484.184101,23597172001,23616071000
a,222532811.284461,23616071001,23661358000
a,222342116.75459,23661358001,23813409000
a,222330459.654362,23813409001,23816895000
a,222330710.246581,23816895001,23827609000
a,222329861.219121,23827609001,23867006000
a,222280455.390166,23867006001,23872876000
a,222280399.336643,23872876001,23945246000
a,222280557.533349,23945246001,23948561000
a,222279459.107,23948561001,23954799000
a,222279661.947348,23954799001,23957755000
a,222279914.945518,23957755001,23961532000
a,222277869.800504,23961532001,23961590000
a,222278017.087787,23961590001,23965554000
a,222277863.907091,23965554001,23967805000
a,222280281.835728,23967805001,23968140000
a,222280645.586414,23968140001,24041658000
a,222280430.225024,24041658001,24073271000
a,221466258.147631,24073271001,24073281000
a,221159834.192946,24073281001,24110835000
a,221159873.983569,24110835001,24113018000
a,221148249.106849,24113018001,24122649000
a,221146540.756076,24122649001,24130172000
a,221198247.743081,24130172001,24133224000
a,221657968.609289,24133224001,24143370000
a,221657542.999211,24143370001,24147380000
a,221657850.98287,24147380001,24191621000
a,221658121.558449,24191621001,24191644000
a,221664996.169434,24191644001,24193404000
a,224647304.876413,24193404001,24207733000
a,224726083.466123,24207733001,24227490000
a,224726328.347804,24227490001,24227549000
a,224726459.666672,24227549001,24231569000
a,224726426.958586,24231569001,24241519000
a,224726889.203446,24241519001,24249325000
a,224907108.093977,24249325001,24286877000
a,224907875.464922,24286877001,24298106000
a,224908098.596032,24298106001,24397479000
a,224984309.550173,24397479001,24477847000
a,224983935.508144,24477847001,24487645000
a,228307658.797612,24487645001,24489732000
a,228104117.254169,24489732001,24490168000
a,228408410.695049,24490168001,24499735000
a,228408300.826796,24499735001,24505918000
a,228963367.966172,24505918001,24546919000
a,228963207.277069,24546919001,24548266000
a,228548164.190639,24548266001,24548583000
a,228548164.131681,24548583001,24548857000
a,228548262.201151,24548857001,24549763000
a,228542774.273363,24549763001,24551472000
a,228542723.110658,24551472001,24551492000
a,228542725.965319,24551492001,24554635000
a,228551072.160475,24554635001,24555949000
a,228551080.203436,24555949001,24566062000
a,228551063.483144,24566062001,24566689000
a,228551355.928299,24566689001,24567704000
a,228555831.634881,24567704001,24568683000
a,228557794.76148,24568683001,24570934000
a,228554670.103802,24570934001,24572149000
a,228554431.791188,24572149001,24646389000
a,228553777.270164,24646389001,24646424000
a,228553658.265594,24646424001,24649344000
a,228553568.302614,24649344001,24649856000
a,228553666.979031,24649856001,24658666000
a,228554681.619798,24658666001,24658677000
a,228554807.018336,24658677001,24661290000
a,228736224.866769,24661290001,24662024000
a,228740560.742454,24662024001,24714423000
a,228736869.231942,24714423001,24727410000
a,228736448.259365,24727410001,24741996000
a,228735805.403789,24741996001,24762443000
a,228734572.347573,24762443001,24803063000
a,228735977.014392,24803063001,24814324000
a,228735910.445379,24814324001,24814933000
a,228721074.378914,24814933001,24817092000
a,228190906.315152,24817092001,24817654000
a,228191231.241314,24817654001,24817685000
a,228191396.036209,24817685001,24817821000
a,228193916.451888,24817821001,24822684000
a,228193523.219436,24822684001,24825043000
a,228193923.356173,24825043001,24827437000
a,228194101.117795,24827437001,24827476000
a,228173074.383976,24827476001,24827817000
a,228173072.300111,24827817001,24828378000
a,228173072.092271,24828378001,24828483000
a,228173072.183885,24828483001,24828789000
a,228045230.823069,24828789001,24835280000
a,228047172.746774,24835280001,24856607000
a,228049629.262215,24856607001,24995112000
a,228049340.497455,24995112001,25021734000
a,228049313.652769,25021734001,25024872000
a,228047812.744504,25024872001,25042284000
a,228047817.205902,25042284001,25063356000
a,228392219.853832,25063356001,25063721000
a,228392196.696703,25063721001,25065353000
a,228452607.990682,25065353001,25067380000
a,228452385.057833,25067380001,25075991000
a,228554868.872203,25075991001,25077382000
a,229201452.796549,25077382001,25077440000
a,229199804.668716,25077440001,25079617000
a,229201417.511871,25079617001,25085188000
a,229203749.850947,25085188001,25091599000
a,229095600.483547,25091599001,25166308000
a,228068754.449792,25166308001,25167913000
a,228075833.17239,25167913001,25177029000
a,228075808.831839,25177029001,25177160000
a,228075917.302746,25177160001,25177253000
a,228075545.189981,25177253001,25236860000
a,228076896.402881,25236860001,25257451000
a,228076708.025795,25257451001,25276908000
a,225020265.440671,25276908001,25293692000
a,225924411.542584,25293692001,25294262000
a,225619443.781609,25294262001,25301997000
a,225621882.16619,25301997001,25302032000
a,225623001.241502,25302032001,25303279000
a,225623197.765566,25303279001,25321749000
a,225623270.152821,25321749001,25322440000
a,225623280.172429,25322440001,25334373000
a,225231046.85851,25334373001,25344781000
a,225217987.125782,25344781001,25346069000
a,225204938.943882,25346069001,25416659000
a,225218171.127882,25416659001,25422385000
a,225218083.175882,25422385001,25425766000
a,225217927.34966,25425766001,25431303000
a,225219560.022104,25431303001,25434251000
a,225203605.953628,25434251001,25435159000
a,225202696.164364,25435159001,25435247000
a,225202084.013521,25435247001,25436053000
a,225202085.449191,25436053001,25437624000
a,225201944.467381,25437624001,25437712000
a,225003162.913332,25437712001,25437772000
a,225003169.11546,25437772001,25444828000
a,225007137.583101,25444828001,25444853000
a,225007261.689485,25444853001,25445778000
a,225007654.809609,25445778001,25471869000
a,225007657.427516,25471869001,25472603000
a,225006811.7378,25472603001,25478884000
a,225006287.44835,25478884001,25479801000
a,224998129.472286,25479801001,25508845000
a,225002981.270601,25508845001,25509173000
a,225003141.780353,25509173001,25512646000
a,225105714.244114,25512646001,25514556000
a,225357971.32955,25514556001,25515154000
a,225358051.958046,25515154001,25515174000
a,225358073.808024,25515174001,25517050000
a,225361096.109843,25517050001,25532392000
a,225361060.940735,25532392001,25535775000
a,225361058.983345,25535775001,25537905000
a,225361030.946062,25537905001,25538423000
a,225361054.718365,25538423001,25542968000
a,225364858.109399,25542968001,25548772000
a,225364875.022404,25548772001,25551223000
a,224773385.460149,25551223001,25551266000
a,224773431.688569,25551266001,25586119000
a,224086152.941517,25586119001,25616231000
a,224089428.489178,25616231001,25675228000
a,224089451.142311,25675228001,25675610000
a,224088930.343105,25675610001,25680944000
a,224089331.817951,25680944001,25683118000
a,224090431.419451,25683118001,25683451000
a,224090544.27029,25683451001,25691622000
a,224090504.308242,25691622001,25695424000
a,224091954.73984,25695424001,25695479000
a,224091801.83119,25695479001,25705443000
a,224094243.235868,25705443001,25755421000
a,224094632.36164,25755421001,25771048000
a,224099639.323688,25771048001,25799313000
a,224099094.149372,25799313001,25803520000
a,224101087.203211,25803520001,25835148000
a,224100901.53728,25835148001,25850362000
a,224100931.083617,25850362001,25853703000
a,224006409.141807,25853703001,25853842000
a,224006415.982125,25853842001,25859230000
a,224007644.983889,25859230001,25859814000
a,224007472.160334,25859814001,25869488000
a,224008274.729368,25869488001,25940789000
a,223995873.833523,25940789001,25942553000
a,223997833.321618,25942553001,25953799000
a,224713996.142782,25953799001,25960552000
a,224714473.109242,25960552001,26017713000
a,224716630.342252,26017713001,26017943000
a,224716568.945959,26017943001,26018788000
a,224716596.337839,26018788001,26040553000
a,224721216.846224,26040553001,26043147000
a,224721478.415509,26043147001,26193920000
a,224721409.970672,26193920001,26283715000
a,224723313.88197,26283715001,26284103000
a,224724142.171466,26284103001,26294089000
a,224723593.214714,26294089001,26297805000
a,224721391.515244,26297805001,26298579000
a,224721531.194856,26298579001,26308048000
a,224720502.349313,26308048001,26318306000
a,224720193.293708,26318306001,26328123000
a,224721207.374909,26328123001,26353133000
a,224721191.644105,26353133001,26363941000
a,225072823.342138,26363941001,26363976000
a,225072889.384062,26363976001,26364437000
a,225072175.519985,26364437001,26369058000
a,225072244.715925,26369058001,26374026000
a,225071717.041167,26374026001,26381070000
a,225071751.865969,26381070001,26385668000
a,225071722.743286,26385668001,26396109000
a,225066976.046463,26396109001,26397549000
a,225068878.157672,26397549001,26445916000
a,225068128.787857,26445916001,26447348000
a,225068061.848758,26447348001,26451731000
a,225065758.179737,26451731001,26455312000
a,225064931.882738,26455312001,26455817000
a,225067796.606922,26455817001,26457855000
a,225069238.630752,26457855001,26461972000
a,225069684.593241,26461972001,26466721000
a,225069251.158996,26466721001,26467363000
a,225069344.450258,26467363001,26469324000
a,225068975.66032,26469324001,26490667000
a,225065992.158113,26490667001,26500644000
a,225062061.711511,26500644001,26508623000
a,224274158.76002,26508623001,26523653000
a,224274150.198894,26523653001,26528949000
a,224274620.220002,26528949001,26529242000
a,224274928.010679,26529242001,26530990000
a,224274894.016836,26530990001,26532349000
a,224297032.885789,26532349001,26533051000
a,224297605.168111,26533051001,26539389000
a,224300109.880952,26539389001,26543801000
a,224287520.636588,26543801001,26546849000
a,224301945.507357,26546849001,26547044000
a,224497715.271552,26547044001,26549392000
a,224497899.174764,26549392001,26549618000
a,224498178.405736,26549618001,26551667000
a,224497864.45237,26551667001,26552840000
a,224498093.743176,26552840001,26557054000
a,224498145.28739,26557054001,26558039000
a,224498039.627029,26558039001,26560570000
a,224498118.321706,26560570001,26633349000
a,224497575.172564,26633349001,26636528000
a,224500914.922234,26636528001,26641256000
a,224448323.473891,26641256001,26646124000
a,224449477.860364,26646124001,26731021000
a,224446023.045257,26731021001,26752780000
a,224446219.378151,26752780001,26849181000
a,224446733.010123,26849181001,26850979000
a,224446764.758037,26850979001,26864633000
a,224446570.839284,26864633001,26878038000
a,224446970.104985,26878038001,26880545000
a,224447173.226197,26880545001,26885038000
a,224447282.892424,26885038001,26887769000
a,224447081.79361,26887769001,26889606000
a,224446995.087418,26889606001,26895936000
a,224447151.361023,26895936001,26902561000
a,224447139.975428,26902561001,26904001000
a,224447220.565239,26904001001,26914283000
a,224250567.256275,26914283001,26960427000
a,224250463.644164,26960427001,26960714000
a,224250452.085147,26960714001,26969273000
a,224250692.648991,26969273001,26981131000
a,224250630.106648,26981131001,26983034000
a,224250582.05136,26983034001,26984012000
a,224250582.947367,26984012001,26987574000
a,224251270.175976,26987574001,26995226000
a,223665600.263042,26995226001,27002276000
a,223666075.603961,27002276001,27006034000
a,223666056.200022,27006034001,27008319000
a,223665831.368512,27008319001,27008796000
a,223666816.075733,27008796001,27009106000
a,223668323.168074,27009106001,27023528000
a,223668817.500678,27023528001,27024465000
a,223669278.526499,27024465001,27032825000
a,223669287.759759,27032825001,27036517000
a,223843663.559922,27036517001,27050113000
a,223844833.876333,27050113001,27058733000
a,223832083.46648,27058733001,27062596000
a,223832424.570592,27062596001,27072389000
a,223827467.980916,27072389001,27074833000
a,223828439.634459,27074833001,27151768000
a,223828168.467355,27151768001,27169031000
a,223828144.3125,27169031001,27169435000
a,223828519.106463,27169435001,27230115000
a,223828467.495789,27230115001,27278961000
a,223828177.882928,27278961001,27373572000
a,223828575.221073,27373572001,27490036000
a,223828576.404801,27490036001,27511097000
a,223630846.723066,27511097001,27659983000
a,223628348.797366,27659983001,27661619000
a,223627787.163625,27661619001,27662020000
a,223622881.056982,27662020001,27665163000
a,223713995.314549,27665163001,27671930000
a,223713774.594829,27671930001,27676607000
a,223711402.043014,27676607001,27685600000
a,223709573.031646,27685600001,27689579000
a,223709571.712888,27689579001,27698454000
a,223709443.83357,27698454001,27701240000
a,223709454.816517,27701240001,27701743000
a,223702247.61538,27701743001,27703256000
a,223701792.090675,27703256001,27704277000
a,223701657.604886,27704277001,27706300000
a,223874871.011694,27706300001,27707800000
a,223874294.286727,27707800001,27711896000
a,223861470.759483,27711896001,27745670000
a,223861546.231074,27745670001,27755826000
a,223855681.827228,27755826001,27769161000
a,223854726.804501,27769161001,27772287000
a,223854758.195235,27772287001,27772444000
a,223854844.712718,27772444001,27772541000
a,223853509.4177,27772541001,27833011000
a,225462056.807676,27833011001,27835656000
a,225462072.918933,27835656001,27837784000
a,225460140.832205,27837784001,27842713000
a,225460002.561509,27842713001,27854230000
a,225460247.056471,27854230001,27876117000
a,225226706.752702,27876117001,27935390000
a,225223674.886619,27935390001,27956647000
a,217726969.57351,27956647001,27958529000
a,217886581.911879,27958529001,27958898000
a,217884838.944217,27958898001,28028291000
a,217616331.580725,28028291001,28047381000
a,217618054.974514,28047381001,28050224000
a,217618900.189835,28050224001,28053581000
a,217618888.041595,28053581001,28055061000
a,217619154.915301,28055061001,28059429000
a,217258640.690555,28059429001,28085240000
a,217257785.580592,28085240001,28085955000
a,217480176.63723,28085955001,28086133000
a,217569124.372289,28086133001,28104875000
a,217568798.964345,28104875001,28105830000
a,217385668.539406,28105830001,28109509000
a,217385768.969336,28109509001,28117320000
a,217380451.121051,28117320001,28117919000
a,217380497.305425,28117919001,28118973000
a,217380543.810592,28118973001,28134468000
a,217379230.327335,28134468001,28165468000
a,217379148.275247,28165468001,28173923000
a,229123424.931734,28173923001,28183649000
a,229123437.53513,28183649001,28199165000
a,229123498.02577,28199165001,28202359000
a,229118150.998343,28202359001,28204579000
a,229118903.054503,28204579001,28206169000
a,229118906.1185,28206169001,28211278000
a,229118892.921286,28211278001,28217031000
a,229119154.35446,28217031001,28217712000
a,229121927.725814,28217712001,28281039000
a,229121989.720589,28281039001,28282348000
a,229122060.644838,28282348001,28299708000
a,229122173.982235,28299708001,28302257000
a,229122191.171613,28302257001,28316138000
a,229122184.734956,28316138001,28319682000
a,229122277.381887,28319682001,28347841000
a,229106201.874302,28347841001,28354253000
a,229104883.826,28354253001,28356832000
a,229106693.690229,28356832001,28374873000
a,229105397.759855,28374873001,28389732000
a,229106692.639751,28389732001,28391156000
a,229106702.935225,28391156001,28393114000
a,229106754.212858,28393114001,28407707000
a,229106701.471779,28407707001,28408926000
a,229106701.214163,28408926001,28413116000
a,229106755.585356,28413116001,28439419000
a,228844587.126096,28439419001,28440282000
a,228844589.788417,28440282001,28443187000
a,228643692.624033,28443187001,28445062000
a,228643743.998327,28445062001,28446403000
a,228643869.266238,28446403001,28451292000
a,228644204.319213,28451292001,28460906000
a,228679411.415175,28460906001,28537273000
a,228681940.950129,28537273001,28552254000
a,228684455.700455,28552254001,28555856000
a,228685023.133368,28555856001,28556753000
a,228685490.772534,28556753001,28557390000
a,228678805.604493,28557390001,28564146000
a,230503853.531329,28564146001,28565252000
